{"train/acc":0.4000000059604645,"train/acc_mean":0.6666666666666666,"train/global_step":233,"_timestamp":1.7728448575066905e+09,"train/reject_reward":0.6128346920013428,"train/lr":1.0004387540618609e-08,"train/chosen_reward":0.5575301051139832,"_runtime":15382,"_step":232,"train/loss_mean":0.6490718324979147,"_wandb":{"runtime":15382},"train/loss":0.7377965450286865}