{"_runtime":2577,"train/loss":0.0923936739563942,"train/acc_mean":0.875,"train/global_step":109,"_wandb":{"runtime":2577},"_timestamp":1.7720563138611157e+09,"train/loss_mean":0.37882894405629486,"train/acc":1,"train/reject_reward":-2.5876402854919434,"train/lr":1.0000000116860974e-07,"train/chosen_reward":-0.20160570740699768,"_step":108}