{"train/acc":0.25,"train/lr":1.0000000116860974e-07,"train/global_step":109,"_runtime":1900,"train/chosen_reward":-3.878890037536621,"train/reject_reward":-3.5248875617980957,"train/loss_mean":0.6676278035156429,"_step":108,"train/loss":0.9598921537399292,"_wandb":{"runtime":1900},"_timestamp":1.7724845675497115e+09,"train/acc_mean":0.5}