{"train/loss_mean":1.5954106152057648,"train/global_step":32,"_wandb":{"runtime":110},"_runtime":110,"_timestamp":1.7735248763240836e+09,"_step":31,"train/gpt_loss":1.2305136919021606,"train/lr":5.000000058430487e-08}