{"train/loss_mean":6.199113428592682,"train/global_step":54,"_wandb":{"runtime":204},"_runtime":204,"_timestamp":1.77342669206759e+09,"_step":53,"train/gpt_loss":6.015892028808594,"train/lr":9.99999993922529e-09}