{"_runtime":146,"train/gpt_loss":1.16591215133667,"train/lr":5.000000058430487e-08,"train/loss_mean":1.447001874446869,"train/global_step":32,"_timestamp":1.7739815088744497e+09,"_step":31,"_wandb":{"runtime":146}}