{"train/lr":1.0000000116860974e-07,"train/acc":0.5,"train/global_step":109,"train/chosen_reward":0.763434112071991,"train/reject_reward":-0.4481121301651001,"train/loss_mean":0.5803642021492124,"_runtime":3568,"_step":108,"_wandb":{"runtime":3568},"_timestamp":1.772227323156879e+09,"train/acc_mean":0.875,"train/loss":0.4560583829879761}