{"_step":31,"_wandb":{"runtime":146},"_runtime":146,"train/gpt_loss":1.076564073562622,"train/lr":5.000000058430487e-08,"train/loss_mean":1.4305736124515533,"train/global_step":32,"_timestamp":1.7735241833654723e+09}