{"train/loss_mean":5.23479962348938,"train/global_step":54,"_wandb":{"runtime":365},"_runtime":365,"_timestamp":1.7734281649742649e+09,"_step":53,"train/gpt_loss":5.15866231918335,"train/lr":9.99999993922529e-09}