{"train/chosen_reward":-1.2300688028335571,"_wandb":{"runtime":2503},"_runtime":2503,"_step":108,"train/acc_mean":0.75,"train/global_step":109,"train/loss_mean":0.6244515106081963,"train/loss":0.6577161550521851,"train/reject_reward":-1.3270683288574219,"train/acc":0.5,"_timestamp":1.773391006070289e+09,"train/lr":9.99999993922529e-09}