{"_wandb":{"runtime":3573},"_step":108,"train/acc":0.5,"train/acc_mean":0.8125,"_timestamp":1.7721864645307689e+09,"train/reject_reward":-1.1184794902801514,"train/global_step":109,"train/chosen_reward":-0.2013048529624939,"train/lr":1.0000000116860974e-07,"train/loss":0.5256696939468384,"_runtime":3573,"train/loss_mean":0.5909728454425931}