{"_runtime":38,"train/loss_mean":1.7719476521015167,"train/global_step":6,"_timestamp":1.7733581426998258e+09,"_step":5,"train/gpt_loss":2.060124635696411,"train/lr":9.434559729015746e-07,"_wandb":{"runtime":38}}