{"train/global_step":32,"_timestamp":1.7735221295354912e+09,"_step":31,"_wandb":{"runtime":148},"_runtime":148,"train/gpt_loss":0.9756856560707092,"train/lr":1.0000000116860974e-07,"train/loss_mean":1.3397771120071411}