{"train/loss":0.24812333285808563,"train/acc":1,"train/loss_mean":0.6029670235002413,"train/chosen_reward":-0.5789206027984619,"_step":108,"train/global_step":109,"_timestamp":1.7721556799508967e+09,"train/reject_reward":-2.575883626937866,"_wandb":{"runtime":2203},"_runtime":2203,"train/acc_mean":0.5625,"train/lr":5.000000058430487e-08}