{"train/lr":5.000000058430487e-08,"train/loss_mean":1.794139325618744,"_wandb":{"runtime":211},"_runtime":211,"train/global_step":32,"_timestamp":1.7739810852078424e+09,"_step":31,"train/gpt_loss":1.4498193264007568}