{"_step":31,"_wandb":{"runtime":488},"train/acc":1,"train/acc_mean":1,"_timestamp":1.7739885896789072e+09,"train/loss":0.00019394856644794345,"train/chosen_reward":8.018074989318848,"train/lr":5.000000058430487e-08,"train/global_step":32,"train/reject_reward":-2.117323160171509,"_runtime":488,"train/loss_mean":0.0008180934285206831}