{"train/acc":0.5,"train/loss":0.49515777826309204,"_runtime":2848,"_step":108,"train/reject_reward":-1.7082874774932861,"train/acc_mean":0.8125,"train/loss_mean":0.5776456869207323,"_wandb":{"runtime":2848},"train/lr":1.0000000116860974e-07,"train/global_step":109,"_timestamp":1.7721566567433152e+09,"train/chosen_reward":-0.9286499619483948}