{"_runtime":709,"_timestamp":1.7714570025330591e+09,"_step":116,"train/gpt_loss":0.5631017684936523,"train/lr":1.0000000116860974e-07,"train/loss_mean":0.473569193854928,"train/global_step":117,"_wandb":{"runtime":709}}