{"_step":28,"train/gpt_loss":0.47216320037841797,"train/lr":1.0000000116860974e-07,"train/loss_mean":0.5208447449840605,"train/global_step":29,"_timestamp":1.7714577394019275e+09,"_wandb":{"runtime":737},"_runtime":737}