{"_runtime":2519,"train/loss_mean":0.37574456247966737,"_step":107,"train/acc_mean":0.875,"train/global_step":108,"train/reject_reward":-3.9951131343841553,"train/lr":1.0000000116860974e-07,"_timestamp":1.7726542903045971e+09,"train/chosen_reward":-0.3808645009994507,"train/acc":1,"train/loss":0.11177723109722137,"_wandb":{"runtime":2519}}