{"train/lr":1.0000000116860974e-07,"train/loss_mean":4.648290418088436,"train/global_step":13,"_timestamp":1.7714575543266127e+09,"_step":12,"_wandb":{"runtime":161},"_runtime":161,"train/gpt_loss":4.532529830932617}