{"_timestamp":1.773359187855107e+09,"_step":31,"train/gpt_loss":1.0723202228546143,"_wandb":{"runtime":93},"_runtime":93,"train/lr":1.0000000116860974e-07,"train/loss_mean":1.4776565432548523,"train/global_step":32}