{"train/global_step":215,"train/acc":0.75,"train/loss":0.37307652831077576,"train/lr":1.0005182105032873e-07,"train/reject_reward":-8.693503379821777,"_step":214,"_runtime":13047,"train/chosen_reward":-7.660611629486084,"train/loss_mean":0.29939571960494504,"_timestamp":1.7725289938642685e+09,"train/acc_mean":0.75,"_wandb":{"runtime":13047}}