{"_runtime":181,"_step":63,"train/gpt_loss":1.586989164352417,"train/lr":1.0000000116860974e-07,"train/loss_mean":1.433998629450798,"train/global_step":64,"_timestamp":1.7733598408914356e+09,"_wandb":{"runtime":181}}