{"_runtime":13431,"train/global_step":194,"_wandb":{"runtime":13431},"train/lr":1.000000082740371e-07,"train/loss_mean":0.270873062312603,"_timestamp":1.7726788896736991e+09,"train/loss":0.5246365070343018,"train/acc":0.8333333730697632,"train/reject_reward":-1.7420121431350708,"train/acc_mean":0.8333333333333334,"train/chosen_reward":-0.9526906609535217,"_step":193}