{"_runtime":6,"_step":0,"train/gpt_loss":11.83080005645752,"train/lr":1.7241379168808635e-07,"train/loss_mean":11.614757776260376,"train/global_step":1,"_timestamp":1.7714509680309284e+09,"_wandb":{"runtime":6}}