{"train/global_step":32,"_timestamp":1.7735229996157584e+09,"_wandb":{"runtime":142},"_runtime":142,"_step":31,"train/gpt_loss":0.940105140209198,"train/lr":1.0000000116860974e-07,"train/loss_mean":1.2653891295194626}