{"train/gpt_loss":0.652191162109375,"train/lr":1.0000000116860974e-07,"train/loss_mean":0.6618790184147656,"_wandb":{"runtime":619},"_runtime":619,"train/global_step":52,"_timestamp":1.7714588571167793e+09,"_step":51}