{"train/loss_mean":0.37894070183392614,"train/acc_mean":0.875,"train/global_step":108,"train/chosen_reward":-0.26918673515319824,"train/acc":1,"_timestamp":1.7724783935556834e+09,"train/loss":0.12792932987213135,"train/lr":1.0000000116860974e-07,"_step":107,"train/reject_reward":-3.974630355834961,"_wandb":{"runtime":1981},"_runtime":1981}