{"_runtime":145,"train/global_step":36,"_timestamp":1.7714491592030814e+09,"_step":35,"train/gpt_loss":0.4018808901309967,"train/lr":4.976389391231351e-06,"train/loss_mean":0.4922010824084282,"_wandb":{"runtime":145}}