{"train/loss_mean":0.10318519407883286,"_timestamp":1.7733920406884801e+09,"train/global_step":109,"train/reject_reward":-2.863539218902588,"train/lr":9.99999993922529e-09,"train/chosen_reward":-0.40711385011672974,"train/loss":0.08630874752998352,"_step":108,"train/acc":1,"_runtime":1360,"train/acc_mean":1,"_wandb":{"runtime":1360}}