{"_runtime":339,"_timestamp":1.7734262329895365e+09,"_step":53,"train/gpt_loss":12.403697967529297,"train/lr":9.99999993922529e-09,"train/loss_mean":12.29417860507965,"train/global_step":54,"_wandb":{"runtime":339}}