{"train/loss_mean":0.5738073065876961,"train/global_step":54,"_timestamp":1.772480232203468e+09,"_step":53,"_wandb":{"runtime":334},"_runtime":334,"train/gpt_loss":0.4630330502986908,"train/lr":1.0000000116860974e-07}