{"_step":53,"train/gpt_loss":12.447219848632812,"train/lr":9.99999993922529e-09,"_wandb":{"runtime":380},"_runtime":380,"train/loss_mean":12.168544292449951,"train/global_step":54,"_timestamp":1.7734274112855818e+09}