{"train/lr":1.0000000116860974e-07,"_runtime":3572,"train/acc":0.5,"train/loss":0.5367859601974487,"_wandb":{"runtime":3572},"train/loss_mean":0.5915562296286225,"_timestamp":1.772208707567836e+09,"train/chosen_reward":-0.7362725138664246,"train/reject_reward":-1.4160637855529785,"train/global_step":109,"train/acc_mean":0.8125,"_step":108}