{"train/lr":1.7241379168808635e-07,"train/loss_mean":3.190553903579712,"train/global_step":1,"_timestamp":1.7714510858072166e+09,"_wandb":{"runtime":3},"_runtime":3,"_step":0,"train/gpt_loss":3.3164918422698975}