{"_wandb":{"runtime":314},"_runtime":314,"_step":12,"train/gpt_loss":7.7241621017456055,"train/lr":1.0000000116860974e-07,"train/loss_mean":8.020401448011398,"train/global_step":13,"_timestamp":1.772473570117637e+09}