{"train/loss":0.5891594290733337,"train/loss_mean":0.528683805372566,"_wandb":{"runtime":1979},"train/acc_mean":0.625,"_runtime":1979,"train/reject_reward":-1.0780714750289917,"_step":108,"train/lr":1.0000000116860974e-07,"train/global_step":109,"train/acc":0.75,"_timestamp":1.772483558807764e+09,"train/chosen_reward":-0.428874671459198}