{"_wandb":{"runtime":322},"_runtime":322,"train/loss_mean":0.5444661751389503,"train/global_step":54,"_timestamp":1.7724771991807551e+09,"_step":53,"train/gpt_loss":0.5209848880767822,"train/lr":1.0000000116860974e-07}