{"_wandb":{"runtime":163},"train/lr":1.0000000116860974e-07,"train/loss_mean":0.4958798852749169,"train/global_step":52,"_timestamp":1.7714578018584342e+09,"_step":51,"train/gpt_loss":0.48310261964797974,"_runtime":163}