{"_step":102,"train/chosen_reward":-1.20355224609375,"_wandb":{"runtime":1289},"_timestamp":1.7715188927070827e+09,"train/loss_mean":0.6083888839930296,"train/acc_mean":0.5625,"train/lr":5.000000058430487e-08,"train/loss":0.7603596448898315,"train/acc":0,"_runtime":1289,"train/reject_reward":-1.0735554695129395,"train/global_step":103}