{"train/gpt_loss":1.3323547840118408,"train/lr":5.000000058430487e-08,"train/loss_mean":1.7690973281860352,"train/global_step":32,"_timestamp":1.7735234691837292e+09,"_wandb":{"runtime":113},"_runtime":113,"_step":31}