{"_runtime":3672,"train/reject_reward":-0.029108429327607155,"train/loss":0.6798008680343628,"train/acc":1,"train/acc_mean":0.5625,"_timestamp":1.7722103614579754e+09,"train/loss_mean":0.6901943273842335,"train/chosen_reward":-0.002235031221061945,"train/lr":4.999999969612645e-09,"_wandb":{"runtime":3672},"_step":108,"train/global_step":109}