{"train/reject_reward":-1.1582804918289185,"train/lr":1.0000000116860974e-07,"train/loss":0.5771274566650391,"train/acc":1,"train/global_step":103,"_timestamp":1.7715351240934715e+09,"_step":102,"train/chosen_reward":-0.9109352827072144,"_wandb":{"runtime":2126},"_runtime":2126,"train/acc_mean":0.625,"train/loss_mean":0.5926156737841666}