{"train/acc_mean":0.875,"train/loss_mean":0.3021398117271019,"_wandb":{"runtime":5831},"_timestamp":1.7721777255902007e+09,"train/loss":0.14064642786979675,"train/chosen_reward":-3.4634571075439453,"train/acc":1,"_step":217,"train/reject_reward":-5.354712009429932,"train/global_step":218,"train/lr":1.0000000116860974e-07,"_runtime":5831}