{"train/gpt_loss":11.912540435791016,"_runtime":606,"_wandb":{"runtime":606},"train/lr":1.0000000116860974e-07,"train/loss_mean":11.159672364592552,"train/global_step":13,"_timestamp":1.7714580809094565e+09,"_step":12}