{"_runtime":322,"train/global_step":13,"_timestamp":1.7724793619994724e+09,"_step":12,"train/gpt_loss":2.6005046367645264,"train/lr":1.0000000116860974e-07,"train/loss_mean":2.593042880296707,"_wandb":{"runtime":322}}