{"train/lr":4.999999987376214e-07,"train/loss_mean":0.30903053283691406,"train/global_step":943,"_wandb":{"runtime":789},"_runtime":789,"_timestamp":1.7714522006705282e+09,"_step":942,"train/gpt_loss":0.40075427293777466}