{"_step":939,"train/gpt_loss":0.6378657221794128,"_wandb":{"runtime":1504},"_runtime":1504,"train/lr":4.999999987376214e-07,"train/loss_mean":0.6499827653169632,"train/global_step":940,"_timestamp":1.7714526684137676e+09}