{"train/global_step":32,"_timestamp":1.7735226042273479e+09,"_step":31,"train/gpt_loss":1.134176254272461,"train/lr":1.0000000116860974e-07,"_wandb":{"runtime":120},"_runtime":120,"train/loss_mean":1.5024662911891937}