{"_runtime":2295,"train/loss":0.2224528044462204,"train/reject_reward":-1.6746231317520142,"train/chosen_reward":0.9137917160987854,"_wandb":{"runtime":2295},"train/acc":1,"_timestamp":1.7722302926061425e+09,"train/lr":1.0000000116860974e-07,"train/acc_mean":0.75,"_step":108,"train/global_step":109,"train/loss_mean":0.5340897237765603}