{"_wandb":{"runtime":1292},"train/reject_reward":0.8018203973770142,"train/loss_mean":0.7245768771972507,"_runtime":1292,"_step":108,"train/chosen_reward":1.245726227760315,"train/loss":0.4964047074317932,"_timestamp":1.7721729603472722e+09,"train/acc_mean":0.5625,"train/acc":1,"train/lr":1.0000000116860974e-07,"train/global_step":109}