{"train/global_step":109,"_step":108,"_runtime":2124,"train/acc":0.75,"train/reject_reward":-1.226348638534546,"_wandb":{"runtime":2124},"train/loss":0.7056775093078613,"train/chosen_reward":-1.0978240966796875,"train/acc_mean":0.5,"train/lr":9.99999993922529e-09,"train/loss_mean":0.7507308106869459,"_timestamp":1.7733959989961805e+09}